,year,income
0,2018,39631.763943972066
1,2019,40460.22901919484
2,2020,41288.69409441762
3,2021,42117.15916964039
4,2022,42945.624244862935
5,2023,43774.08932008571
6,2024,44602.554395308485
7,2025,45431.01947053103
8,2026,46259.4845457538
9,2027,47087.94962097658
10,2028,47916.414696199354
11,2029,48744.879771421896
12,2030,49573.34484664467
